{"apiVersion":"18.1.5","swaggerVersion":"1.2","basePath":"/mobile/custom/Assist","apis":[{"path":"/components","description":"Components context root","operations":[{"type":"void","method":"GET","nickname":"GET","parameters":[],"summary":"Metadata","notes":"Components metadata retrieval","responseMessages":[{"example":"[\n  {\n    \"name\": \"say_hello\",\n    \"properties\": {\n      \"name\": { \"type\": \"string\", \"required\": true }\n    },\n    \"supportedActions\": [\n    ]\n  }\n]\n","code":200}],"produces":["application/json"]}]},{"path":"/components/{componentName}","description":"Component invocation","operations":[{"type":"void","method":"POST","nickname":"POST","parameters":[{"name":"componentName","description":"Name of the component","type":"string","paramType":"path","allowMultiple":false,"required":true},{"name":"body","type":"string","paramType":"body"}],"notes":"Invoke the named component","responseMessages":[{"code":200}],"produces":["application/json"],"consumes":["application/json"]}]}],"models":{},"info":{"title":"Assist","description":"Assist"}}