
{
    "apiName":"Assist",
    "apiVersion":"18.1.5",
    "apiId":"85c5d5c0-6941-4088-9332-b4d3e75ba655",
    "baseUrl":"https://DD116CF856DC468AB88037E8D5B4BD0D.gbcom-south-1.oraclecloud.com:443",
    "tokenEndpoint":"https://idcs-98b245f04f8a4779b4318d9cafce5072.identity.oraclecloud.com/oauth2/v1/token",
    "backend":{
        "backendId":"<YOUR_BACKEND_ID>",
        "backendName":"<YOUR_BACKEND_NAME>",
        "backendVersion":"<YOUR_BACKEND_VERSION>",
        "authorization":{
            "anonymousKey":"<BACKEND_ANONYMOUS_KEY>",
            "clientId":"<BACKEND_CLIENT_ID>",
            "clientSecret":"<BACKEND_CLIENT_SECRET>"
        }
    },
    "tools":{
        "deployment":{
            "tempDirectory":"c:\\tmp\\mcs-deploy"
        },
        "authorization":{
            "clientId":"<OMCE_TM_APP_CLIENT_ID>",
            "clientSecret":"<OMCE_TM_APP_CLIENT_SECRET>"
        }
    },
    "container":{
        "oracleMobileApiName":"OracleMobileAPI",
        "port":4000
    },
    "tests":{
        "getComponents":{
            "method":"GET",
            "resource":"/components"
        }
    }
}